Adrift Tiki Bar,info@adriftbar.com
16Mix,Venues.03205@sheraton.com
5280 Burger Bar,info@5280burgerbar.com
7 Leguas Mexican Grille,isidroosf@gmail.com
Ace Eat Serve,holly@aceeatserve.com
Agave Taco Bar,Derek@agavetacobar.com
Alehouse,tmoxcey@alehousedenver.com
Ambil DTC,kelly@amblidenver.com
Angry Chicken,angrychickenco@yahoo.com
Annette,info@annettescratchtotable.com
Appaloosa Grill,thehorse@appaloosagrill.com
Avanti F&B,info@avantifandb.com
Avenue Grill,eat@avenuegrill.com
Backstreet Tavern and Grill,backstreettavern@gmail.com
Bar Car,info@denverbarcar.com
Bar Dough,info@bardoughdenver.com
Bar Fausto,drink@barfausto.com
Barcelona Wine Bar RiNo,pr@barcelonawinebar.com
Bayou Bob's,bob@bayoubobs.com
Beast n Bottle,info@beastandbottle.com
Beatrice & Woodsley,info@beatriceandwoodsley.com
Berkeley Untapped,jay@berkeleyuntapped.com
Bistro Vendome,jen@bistrovendome.com
Bitto Bistro,cheese@bittobistro.com
Blake Street Tavern,shelley@blakestreettavern.com
Blake Street Vault,owners@blakestreetvault.com
Blue Agave Grill,blueagavedenver@gmail.com
Blue Bonnet,info@bluebonnetrestaurant.com
Blue Spruce Brewing,bsb-email@bluesprucebrewing.com
Boardroom,alex@theboardroomsportsbar.com
BookBar,welcome@bookbardenver.com
Bookmakers Burgers Bourbon Brews,keith@bookmakersco.com
Brazen,contact@brazendenver.com
Briar Common,info@briarcommon.com
Carbon Cafe and Bar,info@habitcarbon.com
Cart-Driver,events@cart-driver.com
Casey's Bistro & Pub,info@coloradopubco.com
Cattivella,elise@cattivelladenver.com
Celtic on Market,info@celticonmarket.com
Chain Reaction Brewing,Chad@chainreactionbrewingco.com
Charcoal Bistro,charcoalbistro@gmail.com
Cheluna Brewing,info@cheluna.com
Chop Shop Casual Urban Eatery Lowry,christian@coloradochopshop.com
Chopper's,01 rock04@hotmail.com
Chuys,hey@chuys.com
Chuy's Westminster,retail@chuys.com
Citizen Rail,robin@birdseyepr.com
"City, O' City",d.fritz@cityocitydenver.com
Comida Cantina,catering@eatcomida.com
Concourse Restaurant Moderne,info@concoursedenver.com
Corner Office,info@thecornerofficedenver.com
Crafty Fox,info@craftyfox.beer
Cru Wine Bar,toshea@cruawinebar.com
D Bar,info@dbardenver.com
Dad and Dudes Breweria,connect@breweria.com
Dazzle Restaurant & Lounge,info@dazzledenver.com
Denver Beer Company,events@denverbeerco.com
Denver ChopHouse,denver.banquets@chophouse.com
Departure Elevated,Taylor.Thorn@SageRestaurantGroup.com
Dio Mio,info@diomiopasta.com
Dougherty's Restaurant & Pub,wes@doughertysrestaurant.com
Drink,thedrinkdenver@gmail.com
Dunbar Kitchen & Tap House,dunbarkandt@gmail.com
Earl's Kitchen and Bar,privacy@earls.ca
EDGE,privacy.officer@fourseasons.com
El Camino,james@elcaminotavern.com
El Five,info@elfivedenver.com
Elm,GM@theelmdenver.com
Elway's,info@elwaysdia.com
Emilios Almost Famous,info@emiliosalmostfamous.com
Ernie's Bar & Pizza,info@erniesdenver.com
Esters Neighborhood Pub,paul@estersdenver.com
Euclid Hall,info@euclidhall.com
Factotum Brewhouse,info@factotumbrewhouse.com
Finley's Pub,advart_david@yahoo.com
Finn's Manor,finnsmanor@gmail.com
FIRE Lounge,forms@esitecrm.com
First Draft Taproom and Kitchen,cavender@firstdraft.beer
Flaming Joes Seafood,flamingjoesseafood@gmail.com
Forest Room 5,forestroom5@gmail.com
Gaetano's,gaetanositalian@gmail.com
Gibby's,gm@gibbysbar.com
Goosetown Tavern,management@goosetowntavern.com
Govnr's Park,ken@govnrspark.com
Grist Brewing Company,info@gristbrewingcompany.com
Grizzly Rose,Lindy@GrizzlyRose.com
Guard & Grace,tag@bullfrogandbaum.com
Highland Tap and Burger,nicole@highlandtapdenver.com
Highland Tavern,info@highlandtavern.com
Historians Ale House,info@historiansalehouse.com
Hopdoddy,vintagepark@hopdoddy.com
Hops & Pie,leah@hopsandpie.com
Hudson Hill,info@hudsonhilldenver.com
Humboldt,info@humboldtrestaurant.com
Ignite Kitchen + Cocktails,info@ignite-denver.com
Interstate Kitchen & Bar,eat@interstaterestaurant.com
Irish Rover Pub,alan@theirishroverpub.com
"Irish Snug, The",ebenz@irishsnug.com
Izakaya Den,info@izakayaden.net
Jackson's,contact@jacksonsdenver.com
Jose O'Shea's,jobs@joseosheas.com
Kinga's Lounge,kingaslounge@gmail.com
La Loma,privateevents@lalomamexican.com
La Merise,lamerisedenver@lamerisedenver.com
Larimer Beer Hall,turner1114@icloud.com
Las Margs,zac@lasmargstavern.com
Lazy Dog Restaurant & Bar,info@lazydogrestaurants.com
Legends of Aurora Sports Grill,legends.aurora@att.net
Li'l Devils Lounge,nmorrice@diageospecialist.com
Lime,info@eatatlime.com
Linger,info@lingerdenver.com
Lobby,info@thelobbydenver.com
Local 46 Bar & Biergarten,niya@local46bar.com
LoDo's Bar & Grill,info@lodosbarandgrill.com
Lola,togo@loladenver.com
Los Chingones DTC,jasonz@tag-restaurant.com
Lost Lake Lounge,vacation@lostlake.com
Low Country Kitchen,info@lowrestaurant.com
Lowey Beer Garden,info@lowrybeergarden.com
Lucky Pie,kaley@luckypiepizza.com
Marco's Coal-Fired Pizzeria,info@raccaspizzeria.com
Marg's Taco Bistro,marcoscfp@gmail.com
Mario's Double Daughter's Salotto,contact@doubledaughters.com
Marlowe's,otter@marlowesdenver.com
Matchbox,info@matchboxdenver.com
Max Gill & Grill,info@maxgilldesign.com
Mellow Mushroom,donnie.mellowmushroom@gmail.com
Mezcal,info@mezcalcolorado.com
Morton's Steakhouse,barbara_rodriguez@mortons.com
Neighbors,gregoryruedi@yahoo.com
Next Door,feedback@nextdoor.com
Nickel,KWALLACE@HOTELTEATRO.COM
Nocturne,reservations@nocturnejazz.com
North Country,info@northcountydenver.com
North Side Tavern,info@northsidetavernbroomfield.com
Ogden Sports Bar,ogdensportsbar@gmail.com
Ophelia's Electric Soapbox,info@opheliasdenver.com
Paramount Cafe,tom@paramountcafe.com
Park and Co,info@parkburger.com
Park Tavern,theparktaverndenver@gmail.com
Peak To Peak Tap & Brew,info@peakbrews.com
Perry's Steakhouse & Grille,paige@perryssteakhouse.com
Populist,info@thepopulistdenver.com
Pour House Pub,info@pourhousedenver.com
Prohibition,info@prohibitiondenver.com
Pub on Pearl,Clifton@thepubonpearl.com
Public School 303,specialevents@grillconcepts.com
Punch Bowl Social,dan@truenorthrepm.com
Racine’s,lee@racinesrestaurant.com
Ratio Beerworks,hello@ratiobeerworks.com
Recess Beer Garden,dan@recessbeergarden.com
Red Square Vodka Bar,info@redsquarebistro.com
Refinery,bbwadmirer2007@aol.com
Rhein Haus,jobs@rhdenver.com
